date,tweet,word_count,tokens,tokens_count
2019-04-01,Honestly rn. His behavior excused much itâ€™s unacceptable I want pizza itâ€™s late idk do.,15,"['Honestly', 'rn.', 'His', 'behavior', 'excused', 'much', 'itâ€™s', 'unacceptable', 'I', 'want', 'pizza', 'itâ€™s', 'late', 'idk', 'do.']",15
2019-04-02,"FAIR The boob aches. Just hanging chest make hurt baddddd Do ever think something really mean long time ago physically pain you? Actual footage me. This cute! Congrats new tat! Help, Iâ€™m depressed Iâ€™ve wanted eat week mac n cheese. Iâ€™m Libra thatâ€™s I wanna get out. Heck yes are!!! â¤ï¸ Smort *laughs Pittsburgh* Pissy emailing fun. I got person tho lol YASSSS â¤ï¸ğŸ§¡ğŸ’›ğŸ’šğŸ’™ğŸ’œğŸ’– Both cute!!!",66,"['FAIR', 'The', 'boob', 'aches.', 'Just', 'hanging', 'chest', 'make', 'hurt', 'baddddd', 'Do', 'ever', 'think', 'something', 'really', 'mean', 'long', 'time', 'ago', 'physically', 'pain', 'you?', 'Actual', 'footage', 'me.', 'This', 'cute!', 'Congrats', 'new', 'tat!', 'Help,', 'Iâ€™m', 'depressed', 'Iâ€™ve', 'wanted', 'eat', 'week', 'mac', 'n', 'cheese.', 'Iâ€™m', 'Libra', 'thatâ€™s', 'I', 'wanna', 'get', 'out.', 'Heck', 'yes', 'are!!!', 'â¤ï¸', 'Smort', '*laughs', 'Pittsburgh*', 'Pissy', 'emailing', 'fun.', 'I', 'got', 'person', 'tho', 'lol', 'YASSSS', 'â¤ï¸ğŸ§¡ğŸ’›ğŸ’šğŸ’™ğŸ’œğŸ’–', 'Both', 'cute!!!']",66
2019-04-03,Ok! Had try :)) Are left?!?,6,"['Ok!', 'Had', 'try', ':))', 'Are', 'left?!?']",6
2019-04-04,"I love Zu integral part being, like Iâ€™m real as mom. Nah youâ€™re close see great Foods, Rihanna, incredible shoe collection Yeah lol gotta point DnD, k-pop, cute face Bohemian style, record store, AMAZING selfie game. I running late morning, betcher as I still stopped pet teeny tiny Pomeranian puppy way bus stop. PRIORITIES. Thereâ€™s song help lol I remember first 150 bc I weak. Lol tiny battle monster ClefairyArticuno TogepiHaunterElectabuzzRaichu IvysaurNidorinaExeggcute",72,"['I', 'love', 'Zu', 'integral', 'part', 'being,', 'like', 'Iâ€™m', 'real', 'as', 'mom.', 'Nah', 'youâ€™re', 'close', 'see', 'great', 'Foods,', 'Rihanna,', 'incredible', 'shoe', 'collection', 'Yeah', 'lol', 'gotta', 'point', 'DnD,', 'k-pop,', 'cute', 'face', 'Bohemian', 'style,', 'record', 'store,', 'AMAZING', 'selfie', 'game.', 'I', 'running', 'late', 'morning,', 'betcher', 'as', 'I', 'still', 'stopped', 'pet', 'teeny', 'tiny', 'Pomeranian', 'puppy', 'way', 'bus', 'stop.', 'PRIORITIES.', 'Thereâ€™s', 'song', 'help', 'lol', 'I', 'remember', 'first', '150', 'bc', 'I', 'weak.', 'Lol', 'tiny', 'battle', 'monster', 'ClefairyArticuno', 'TogepiHaunterElectabuzzRaichu', 'IvysaurNidorinaExeggcute']",72
2019-04-05,"This get bed morning tbh Lol certainly lot. Lucy lawless, Rachel weiscz, endless stream stabbing incredible woman Captain Marvel, awesome fashion, happy selfies Kim K reaction pics, reading people within inch life, Kanye I could run sweet art business home j â¤ï¸ğŸ§¡ğŸ’›ğŸ’šğŸ’™ğŸ’œ Also iPhone parasiteğŸ¦  emoji??? Hahaha like parasite... wait",50,"['This', 'get', 'bed', 'morning', 'tbh', 'Lol', 'certainly', 'lot.', 'Lucy', 'lawless,', 'Rachel', 'weiscz,', 'endless', 'stream', 'stabbing', 'incredible', 'woman', 'Captain', 'Marvel,', 'awesome', 'fashion,', 'happy', 'selfies', 'Kim', 'K', 'reaction', 'pics,', 'reading', 'people', 'within', 'inch', 'life,', 'Kanye', 'I', 'could', 'run', 'sweet', 'art', 'business', 'home', 'j', 'â¤ï¸ğŸ§¡ğŸ’›ğŸ’šğŸ’™ğŸ’œ', 'Also', 'iPhone', 'parasiteğŸ¦ ', 'emoji???', 'Hahaha', 'like', 'parasite...', 'wait']",50
2019-04-06,"Ppl like get defensive tell watch movie. Itâ€™s like I know amount you. I want one hot toy doll real bad rn idk why. Send help, Iâ€™m gonna retail therapy death.",31,"['Ppl', 'like', 'get', 'defensive', 'tell', 'watch', 'movie.', 'Itâ€™s', 'like', 'I', 'know', 'amount', 'you.', 'I', 'want', 'one', 'hot', 'toy', 'doll', 'real', 'bad', 'rn', 'idk', 'why.', 'Send', 'help,', 'Iâ€™m', 'gonna', 'retail', 'therapy', 'death.']",31
2019-04-09,NO WAY I watched Hulu special Nxium day!!!! Basically I die DRAG HER AT MY FUNERAL This bus driver hitting many curb already slammed brake hard I bashed knee seat. Kinda sad didnâ€™t get see Joy Behar commit assault battery live tv,42,"['NO', 'WAY', 'I', 'watched', 'Hulu', 'special', 'Nxium', 'day!!!!', 'Basically', 'I', 'die', 'DRAG', 'HER', 'AT', 'MY', 'FUNERAL', 'This', 'bus', 'driver', 'hitting', 'many', 'curb', 'already', 'slammed', 'brake', 'hard', 'I', 'bashed', 'knee', 'seat.', 'Kinda', 'sad', 'didnâ€™t', 'get', 'see', 'Joy', 'Behar', 'commit', 'assault', 'battery', 'live', 'tv']",42
2019-04-11,I gross dog story tell I asked coworker wanted hear something gross bc thinking NOT THINKING THAT I JUST CAME OUT OF THE BATHROOM AND IT WOULD BE WEIRD Iâ€™m mortified want die.,33,"['I', 'gross', 'dog', 'story', 'tell', 'I', 'asked', 'coworker', 'wanted', 'hear', 'something', 'gross', 'bc', 'thinking', 'NOT', 'THINKING', 'THAT', 'I', 'JUST', 'CAME', 'OUT', 'OF', 'THE', 'BATHROOM', 'AND', 'IT', 'WOULD', 'BE', 'WEIRD', 'Iâ€™m', 'mortified', 'want', 'die.']",33
2019-04-12,"You energy dedication I posse Seriously. Iâ€™m always tired Iâ€™m hotel, idc, Iâ€™m sleeping. Oh I get there. My Immune system tough. I coworker brings sheet lol two would get along I use theirs. Fuck it. They look GOOD!",39,"['You', 'energy', 'dedication', 'I', 'posse', 'Seriously.', 'Iâ€™m', 'always', 'tired', 'Iâ€™m', 'hotel,', 'idc,', 'Iâ€™m', 'sleeping.', 'Oh', 'I', 'get', 'there.', 'My', 'Immune', 'system', 'tough.', 'I', 'coworker', 'brings', 'sheet', 'lol', 'two', 'would', 'get', 'along', 'I', 'use', 'theirs.', 'Fuck', 'it.', 'They', 'look', 'GOOD!']",39
2019-04-14,Heâ€™s truly game lol,4,"['Heâ€™s', 'truly', 'game', 'lol']",4
2019-04-15,Wasnâ€™t that. The whole point. ?,6,"['Wasnâ€™t', 'that.', 'The', 'whole', 'point.', '?']",6
2019-04-16,Jfc shit far together.,4,"['Jfc', 'shit', 'far', 'together.']",4
2019-04-17,"In time hardship I think Aidy Bryant Shrill saying â€œyou fat as big titties, call shotsâ€ I feel calm.",19,"['In', 'time', 'hardship', 'I', 'think', 'Aidy', 'Bryant', 'Shrill', 'saying', 'â€œyou', 'fat', 'as', 'big', 'titties,', 'call', 'shotsâ€', 'I', 'feel', 'calm.']",19
2019-04-18,"While weâ€™re it, EVERYONEâ€™S obsession boob weird. Thereâ€™s even comment â€œtry sexualize herâ€ AND YET The rewatch Community, creepier Jeffâ€™s obsession Annie is. This thread horrifying",26,"['While', 'weâ€™re', 'it,', 'EVERYONEâ€™S', 'obsession', 'boob', 'weird.', 'Thereâ€™s', 'even', 'comment', 'â€œtry', 'sexualize', 'herâ€', 'AND', 'YET', 'The', 'rewatch', 'Community,', 'creepier', 'Jeffâ€™s', 'obsession', 'Annie', 'is.', 'This', 'thread', 'horrifying']",26
2019-04-20,If weâ€™re ever vicinity thissssss My lunch friend turned five half hour booze cruise. A man looked face said America least racist country I died.,25,"['If', 'weâ€™re', 'ever', 'vicinity', 'thissssss', 'My', 'lunch', 'friend', 'turned', 'five', 'half', 'hour', 'booze', 'cruise.', 'A', 'man', 'looked', 'face', 'said', 'America', 'least', 'racist', 'country', 'I', 'died.']",25
2019-04-21,"Obviously, gorgeous bitch! 300 DOLL HAIRS?! Holy fuck",8,"['Obviously,', 'gorgeous', 'bitch!', '300', 'DOLL', 'HAIRS?!', 'Holy', 'fuck']",8
2019-04-22,My thought time hardship.,4,"['My', 'thought', 'time', 'hardship.']",4
2019-04-23,Youâ€™re genius. Iâ€™ll start looking dresses. Iâ€™m already thinking Halloween bc soul yearns feel joy. Thinking either: Bleh. I liked I feel like I donâ€™t wanna watch anymore it. Is like season Can wait shit glitter mb also rob bank lol,41,"['Youâ€™re', 'genius.', 'Iâ€™ll', 'start', 'looking', 'dresses.', 'Iâ€™m', 'already', 'thinking', 'Halloween', 'bc', 'soul', 'yearns', 'feel', 'joy.', 'Thinking', 'either:', 'Bleh.', 'I', 'liked', 'I', 'feel', 'like', 'I', 'donâ€™t', 'wanna', 'watch', 'anymore', 'it.', 'Is', 'like', 'season', 'Can', 'wait', 'shit', 'glitter', 'mb', 'also', 'rob', 'bank', 'lol']",41
2019-04-26,OH MY GAAAAAAAAHD!!!!! Congratulations! Better change damn life!!!!!!! TO BE FAIR special sauce still. STILL OK. In kind capitalist hellscape dipping sauce cost 5 ENTIRE DOLLARS.,26,"['OH', 'MY', 'GAAAAAAAAHD!!!!!', 'Congratulations!', 'Better', 'change', 'damn', 'life!!!!!!!', 'TO', 'BE', 'FAIR', 'special', 'sauce', 'still.', 'STILL', 'OK.', 'In', 'kind', 'capitalist', 'hellscape', 'dipping', 'sauce', 'cost', '5', 'ENTIRE', 'DOLLARS.']",26
2019-04-27,OK FINE. I STRESS-BOUGHT ALIEN T-SHIRTS. Start style blogggg,9,"['OK', 'FINE.', 'I', 'STRESS-BOUGHT', 'ALIEN', 'T-SHIRTS.', 'Start', 'style', 'blogggg']",9
2019-04-30,Like honestly lol. Weâ€™re predictable. Iâ€™m lying floor phone deciding itâ€™s still worth lollll Dude. Link?,16,"['Like', 'honestly', 'lol.', 'Weâ€™re', 'predictable.', 'Iâ€™m', 'lying', 'floor', 'phone', 'deciding', 'itâ€™s', 'still', 'worth', 'lollll', 'Dude.', 'Link?']",16
2019-05-01,YESSSSSSS. Ok I love them. Is Sansa Danaerys? I canâ€™t figure lol She truly become villain I love it. I would die him???? Itâ€™s painful like I stood screeching,29,"['YESSSSSSS.', 'Ok', 'I', 'love', 'them.', 'Is', 'Sansa', 'Danaerys?', 'I', 'canâ€™t', 'figure', 'lol', 'She', 'truly', 'become', 'villain', 'I', 'love', 'it.', 'I', 'would', 'die', 'him????', 'Itâ€™s', 'painful', 'like', 'I', 'stood', 'screeching']",29
2019-05-04,It looked DELICIOUS.,3,"['It', 'looked', 'DELICIOUS.']",3
2019-05-05,But still appreciates them! This brand you. Who else ruined Dead Me weekend? You say GoT itâ€™s okay. Thank you!!!! Like stealing heart?!?!,23,"['But', 'still', 'appreciates', 'them!', 'This', 'brand', 'you.', 'Who', 'else', 'ruined', 'Dead', 'Me', 'weekend?', 'You', 'say', 'GoT', 'itâ€™s', 'okay.', 'Thank', 'you!!!!', 'Like', 'stealing', 'heart?!?!']",23
2019-05-06,real. RIGHT I didnâ€™t pause Shudder window I closed case iPad I TELL YOU high I jumped random burst ominous static came speakers. It SOOOO good creepy.,27,"['real.', 'RIGHT', 'I', 'didnâ€™t', 'pause', 'Shudder', 'window', 'I', 'closed', 'case', 'iPad', 'I', 'TELL', 'YOU', 'high', 'I', 'jumped', 'random', 'burst', 'ominous', 'static', 'came', 'speakers.', 'It', 'SOOOO', 'good', 'creepy.']",27
2019-05-08,Mark calendar next year.,4,"['Mark', 'calendar', 'next', 'year.']",4
2019-05-11,Fair point lol I need get back yoga! I wish I done ballet child. My leg inflexible fucked up.,19,"['Fair', 'point', 'lol', 'I', 'need', 'get', 'back', 'yoga!', 'I', 'wish', 'I', 'done', 'ballet', 'child.', 'My', 'leg', 'inflexible', 'fucked', 'up.']",19
2019-05-12,â¤ï¸â¤ï¸ yes itâ€™s hard canâ€™t even explain donâ€™t want to. If job find I know theyâ€™ll treat differently. C H O S E N Josh Groban? Travis Scott!???? I saw Backstreet Boys like 4th grade bc dad worked Sony gave tickets. You correct sir! Please tell Tim McGraw lie PLEASE TELL ME The original ALWAYS better look good way! No sign Constance Wu example. Thank youuuu light new desk perfect selfies. Not copy @artemisvoid I ordered new glass Iâ€™m STOKED. Do people still say stoked? Do I care? No! Recently Iâ€™m also getting -vertigo-blurry/shaky vision -weakness-fatigue Hooray!,97,"['â¤ï¸â¤ï¸', 'yes', 'itâ€™s', 'hard', 'canâ€™t', 'even', 'explain', 'donâ€™t', 'want', 'to.', 'If', 'job', 'find', 'I', 'know', 'theyâ€™ll', 'treat', 'differently.', 'C', 'H', 'O', 'S', 'E', 'N', 'Josh', 'Groban?', 'Travis', 'Scott!????', 'I', 'saw', 'Backstreet', 'Boys', 'like', '4th', 'grade', 'bc', 'dad', 'worked', 'Sony', 'gave', 'tickets.', 'You', 'correct', 'sir!', 'Please', 'tell', 'Tim', 'McGraw', 'lie', 'PLEASE', 'TELL', 'ME', 'The', 'original', 'ALWAYS', 'better', 'look', 'good', 'way!', 'No', 'sign', 'Constance', 'Wu', 'example.', 'Thank', 'youuuu', 'light', 'new', 'desk', 'perfect', 'selfies.', 'Not', 'copy', '@artemisvoid', 'I', 'ordered', 'new', 'glass', 'Iâ€™m', 'STOKED.', 'Do', 'people', 'still', 'say', 'stoked?', 'Do', 'I', 'care?', 'No!', 'Recently', 'Iâ€™m', 'also', 'getting', '-vertigo-blurry/shaky', 'vision', '-weakness-fatigue', 'Hooray!']",97
2019-05-13,Thats pretty awesome! Journey? The next Iron Man. Soooo whereabouts find gift 90â€™s Cartoon God,15,"['Thats', 'pretty', 'awesome!', 'Journey?', 'The', 'next', 'Iron', 'Man.', 'Soooo', 'whereabouts', 'find', 'gift', '90â€™s', 'Cartoon', 'God']",15
2019-05-15,Fight fight fight,3,"['Fight', 'fight', 'fight']",3
2019-05-16,"Honestly, nap pit accurate Walder Frey voice: I bless rain Castamere",11,"['Honestly,', 'nap', 'pit', 'accurate', 'Walder', 'Frey', 'voice:', 'I', 'bless', 'rain', 'Castamere']",11
2019-05-17,We never deserved her. And sheâ€™s gone.,7,"['We', 'never', 'deserved', 'her.', 'And', 'sheâ€™s', 'gone.']",7
2019-05-18,"If Iâ€™m â€˜close friendsâ€™ list Instagram, know I love I honored.",11,"['If', 'Iâ€™m', 'â€˜close', 'friendsâ€™', 'list', 'Instagram,', 'know', 'I', 'love', 'I', 'honored.']",11
2019-05-19,,1,[''],1
2019-05-20,Soooo awkward. Koala tea content. ğŸ‘Œ,6,"['Soooo', 'awkward.', 'Koala', 'tea', 'content.', 'ğŸ‘Œ']",6
2019-05-21,"We beautiful funeral coworkerâ€™s Betta fish, Joshua. He missed. Thank much. It ordeal lol It feel â€œsingle bisexual office cool geeky wayâ€ Thank you!! ğŸ’—ğŸ’—ğŸ˜ŠğŸ˜ŠğŸ˜Š Omg!!!! Thatâ€™s weird, coworker said dog puked too! Should worried? PERFECT Ummmm Opposite Day? Cuz u cute You stop it! ğŸ˜ğŸ˜ğŸ˜ğŸ˜",46,"['We', 'beautiful', 'funeral', 'coworkerâ€™s', 'Betta', 'fish,', 'Joshua.', 'He', 'missed.', 'Thank', 'much.', 'It', 'ordeal', 'lol', 'It', 'feel', 'â€œsingle', 'bisexual', 'office', 'cool', 'geeky', 'wayâ€', 'Thank', 'you!!', 'ğŸ’—ğŸ’—ğŸ˜ŠğŸ˜ŠğŸ˜Š', 'Omg!!!!', 'Thatâ€™s', 'weird,', 'coworker', 'said', 'dog', 'puked', 'too!', 'Should', 'worried?', 'PERFECT', 'Ummmm', 'Opposite', 'Day?', 'Cuz', 'u', 'cute', 'You', 'stop', 'it!', 'ğŸ˜ğŸ˜ğŸ˜ğŸ˜']",46
2019-05-22,"You know boob look good friend talk 5 whole minute Honestly! Itâ€™s wonder stress didnâ€™t kill faster TWO brain aneurysms. Fair, yeah I also find upsetting itâ€™s framed good thing. :/ Does anyone else feel itâ€™s.... unsettling Emilia Clarke praised working even possibly dying? Like shouldnâ€™t feel angry felt to?? UM look amazing?!",53,"['You', 'know', 'boob', 'look', 'good', 'friend', 'talk', '5', 'whole', 'minute', 'Honestly!', 'Itâ€™s', 'wonder', 'stress', 'didnâ€™t', 'kill', 'faster', 'TWO', 'brain', 'aneurysms.', 'Fair,', 'yeah', 'I', 'also', 'find', 'upsetting', 'itâ€™s', 'framed', 'good', 'thing.', ':/', 'Does', 'anyone', 'else', 'feel', 'itâ€™s....', 'unsettling', 'Emilia', 'Clarke', 'praised', 'working', 'even', 'possibly', 'dying?', 'Like', 'shouldnâ€™t', 'feel', 'angry', 'felt', 'to??', 'UM', 'look', 'amazing?!']",53
2019-05-23,Youâ€™re actual hero You admire confidence. Decisions made consequence accepted lol Iâ€™m sorry ğŸ’—,14,"['Youâ€™re', 'actual', 'hero', 'You', 'admire', 'confidence.', 'Decisions', 'made', 'consequence', 'accepted', 'lol', 'Iâ€™m', 'sorry', 'ğŸ’—']",14
2019-05-24,"I got Trixie accurate. Thereâ€™s ğŸ˜ğŸ’—ğŸ˜ğŸ˜ I also conflicted bc acting trailer chilling, like said... eehhh This favorite season ANTM I want both.",23,"['I', 'got', 'Trixie', 'accurate.', 'Thereâ€™s', 'ğŸ˜ğŸ’—ğŸ˜ğŸ˜', 'I', 'also', 'conflicted', 'bc', 'acting', 'trailer', 'chilling,', 'like', 'said...', 'eehhh', 'This', 'favorite', 'season', 'ANTM', 'I', 'want', 'both.']",23
2019-05-25,Oh yes? Maybaps movie night???,5,"['Oh', 'yes?', 'Maybaps', 'movie', 'night???']",5
2019-05-26,The way cope tbh Lol ok fair event you! A literal crime didnâ€™t invite you????? Ok visa yet,18,"['The', 'way', 'cope', 'tbh', 'Lol', 'ok', 'fair', 'event', 'you!', 'A', 'literal', 'crime', 'didnâ€™t', 'invite', 'you?????', 'Ok', 'visa', 'yet']",18
2019-05-27,"THIS IS AMAZING Itâ€™s possible. They basically nap eat Iâ€™m expert shit Itâ€™s close like pet baby I donâ€™t love kid me, baby cute. Is possible pet baby?",28,"['THIS', 'IS', 'AMAZING', 'Itâ€™s', 'possible.', 'They', 'basically', 'nap', 'eat', 'Iâ€™m', 'expert', 'shit', 'Itâ€™s', 'close', 'like', 'pet', 'baby', 'I', 'donâ€™t', 'love', 'kid', 'me,', 'baby', 'cute.', 'Is', 'possible', 'pet', 'baby?']",28
2019-05-28,Lol two! The black pink one olddddd. And thank youuuu So Dennis Duffy John Wick???? Thank youuuu. Heâ€™s best buddy. SO DERN CUTE OMG Thank youuuu! Itâ€™s favorite one! Omggggggggggg I love themmmm!!!! Itâ€™s like sense it!!! What kind dog Bailey? Represent!!!,42,"['Lol', 'two!', 'The', 'black', 'pink', 'one', 'olddddd.', 'And', 'thank', 'youuuu', 'So', 'Dennis', 'Duffy', 'John', 'Wick????', 'Thank', 'youuuu.', 'Heâ€™s', 'best', 'buddy.', 'SO', 'DERN', 'CUTE', 'OMG', 'Thank', 'youuuu!', 'Itâ€™s', 'favorite', 'one!', 'Omggggggggggg', 'I', 'love', 'themmmm!!!!', 'Itâ€™s', 'like', 'sense', 'it!!!', 'What', 'kind', 'dog', 'Bailey?', 'Represent!!!']",42
2019-05-29,"There woman gym literally standing hand dryer, holding pant open one hand, drying pubes(?) other.",15,"['There', 'woman', 'gym', 'literally', 'standing', 'hand', 'dryer,', 'holding', 'pant', 'open', 'one', 'hand,', 'drying', 'pubes(?)', 'other.']",15
2019-05-30,The outfit! The smile! The poses! We Stan!,8,"['The', 'outfit!', 'The', 'smile!', 'The', 'poses!', 'We', 'Stan!']",8
2019-05-31,"No joke, I would fight bitch.",6,"['No', 'joke,', 'I', 'would', 'fight', 'bitch.']",6
2019-06-03,Got email â€œan existing dental planâ€ thought said â€œexistential dental plan.â€,11,"['Got', 'email', 'â€œan', 'existing', 'dental', 'planâ€', 'thought', 'said', 'â€œexistential', 'dental', 'plan.â€']",11
2019-06-04,"@isaacdraws1 I love display name omg. To fair, point made.",10,"['@isaacdraws1', 'I', 'love', 'display', 'name', 'omg.', 'To', 'fair,', 'point', 'made.']",10
2019-06-05,My mood tied food I access too. Like problem. .... well arenâ€™t wrong suppose. That movie changed life,18,"['My', 'mood', 'tied', 'food', 'I', 'access', 'too.', 'Like', 'problem.', '....', 'well', 'arenâ€™t', 'wrong', 'suppose.', 'That', 'movie', 'changed', 'life']",18
2019-06-06,IDK man I think theyâ€™re neat. What kind monster abandon dogs? Why I want one badly???,16,"['IDK', 'man', 'I', 'think', 'theyâ€™re', 'neat.', 'What', 'kind', 'monster', 'abandon', 'dogs?', 'Why', 'I', 'want', 'one', 'badly???']",16
2019-06-07,THANK YOU?! ğŸ’•ğŸ’•,3,"['THANK', 'YOU?!', 'ğŸ’•ğŸ’•']",3
2019-06-08,Kickass video game heroine similar fashion YES I could see final girl horror movie. Performance art Iâ€™m sorry. He goodest boy,21,"['Kickass', 'video', 'game', 'heroine', 'similar', 'fashion', 'YES', 'I', 'could', 'see', 'final', 'girl', 'horror', 'movie.', 'Performance', 'art', 'Iâ€™m', 'sorry.', 'He', 'goodest', 'boy']",21
2019-06-10,Isnâ€™t heartbreaking?!?! So wtf want?!?!?!? DONT OPEN IT THEYLL EAT YOU,11,"['Isnâ€™t', 'heartbreaking?!?!', 'So', 'wtf', 'want?!?!?!?', 'DONT', 'OPEN', 'IT', 'THEYLL', 'EAT', 'YOU']",11
2019-06-11,"It certainly is, friend. I made plan work four day row. Do I WANT meltdown?!?!?!! Itâ€™s feeler coming in. Nah, snitch get stitch man. Today I got mcdonalds Postmates sent me: 3 cheeseburger cheese burger one cheeseburger everything. I asked two plain cheeseburger yâ€™all.",44,"['It', 'certainly', 'is,', 'friend.', 'I', 'made', 'plan', 'work', 'four', 'day', 'row.', 'Do', 'I', 'WANT', 'meltdown?!?!?!!', 'Itâ€™s', 'feeler', 'coming', 'in.', 'Nah,', 'snitch', 'get', 'stitch', 'man.', 'Today', 'I', 'got', 'mcdonalds', 'Postmates', 'sent', 'me:', '3', 'cheeseburger', 'cheese', 'burger', 'one', 'cheeseburger', 'everything.', 'I', 'asked', 'two', 'plain', 'cheeseburger', 'yâ€™all.']",44
2019-06-12,"They try feel bad! ğŸ‘€ğŸ‘€ Every poster worse, this. He look like highly rendered old Harry Potter game character face",20,"['They', 'try', 'feel', 'bad!', 'ğŸ‘€ğŸ‘€', 'Every', 'poster', 'worse,', 'this.', 'He', 'look', 'like', 'highly', 'rendered', 'old', 'Harry', 'Potter', 'game', 'character', 'face']",20
2019-06-13,Cersei Mrs. Incredible Giselle! Sheâ€™s always right isnâ€™t Aurora! Ok yâ€™all. I back pokeball-shit. Add PokÃ©mon Go: 3335 7574 3508 Snow White! Tbh Margaery Sending love best friend! That encouraging thing Iâ€™ve ever heard. It come attention I cankles. I appreciate kind word trying time. Carrie do. ğŸ˜ŠğŸ˜ŠğŸ˜ŠğŸ’—ğŸ’—ğŸ’— Soooo cute!,50,"['Cersei', 'Mrs.', 'Incredible', 'Giselle!', 'Sheâ€™s', 'always', 'right', 'isnâ€™t', 'Aurora!', 'Ok', 'yâ€™all.', 'I', 'back', 'pokeball-shit.', 'Add', 'PokÃ©mon', 'Go:', '3335', '7574', '3508', 'Snow', 'White!', 'Tbh', 'Margaery', 'Sending', 'love', 'best', 'friend!', 'That', 'encouraging', 'thing', 'Iâ€™ve', 'ever', 'heard.', 'It', 'come', 'attention', 'I', 'cankles.', 'I', 'appreciate', 'kind', 'word', 'trying', 'time.', 'Carrie', 'do.', 'ğŸ˜ŠğŸ˜ŠğŸ˜ŠğŸ’—ğŸ’—ğŸ’—', 'Soooo', 'cute!']",50
2019-06-14,Prettiest girl! That cutest Lapras ever!!! Oh DARN Oh boo lol never before. Any PokÃ©mon youâ€™re looking trade? Yasssssss,19,"['Prettiest', 'girl!', 'That', 'cutest', 'Lapras', 'ever!!!', 'Oh', 'DARN', 'Oh', 'boo', 'lol', 'never', 'before.', 'Any', 'PokÃ©mon', 'youâ€™re', 'looking', 'trade?', 'Yasssssss']",19
2019-06-15,"Thereâ€™s really cute chalk artist art festival go me. And zombie-like reflexes. Under eye circle now, right? Right????? I hate hit public, I like knowing Iâ€™ve still got even I feel like hot garbage. Thatâ€™s bc youâ€™re GOAT This like episode black mirror like WHAT EVEN WAS THE THOUGHT PROCESS",50,"['Thereâ€™s', 'really', 'cute', 'chalk', 'artist', 'art', 'festival', 'go', 'me.', 'And', 'zombie-like', 'reflexes.', 'Under', 'eye', 'circle', 'now,', 'right?', 'Right?????', 'I', 'hate', 'hit', 'public,', 'I', 'like', 'knowing', 'Iâ€™ve', 'still', 'got', 'even', 'I', 'feel', 'like', 'hot', 'garbage.', 'Thatâ€™s', 'bc', 'youâ€™re', 'GOAT', 'This', 'like', 'episode', 'black', 'mirror', 'like', 'WHAT', 'EVEN', 'WAS', 'THE', 'THOUGHT', 'PROCESS']",50
2019-06-16,Good see childhood crush stay gold. ğŸ˜ğŸ˜ğŸ˜ğŸ˜ğŸ˜ MAâ€™AM,8,"['Good', 'see', 'childhood', 'crush', 'stay', 'gold.', 'ğŸ˜ğŸ˜ğŸ˜ğŸ˜ğŸ˜', 'MAâ€™AM']",8
2019-06-17,I screamed first time I saw it. KOALA TEA content.,10,"['I', 'screamed', 'first', 'time', 'I', 'saw', 'it.', 'KOALA', 'TEA', 'content.']",10
2019-06-18,The hellest yes. I dream last night someone else beat Racist Cheeto election I got scream get Oval Office,19,"['The', 'hellest', 'yes.', 'I', 'dream', 'last', 'night', 'someone', 'else', 'beat', 'Racist', 'Cheeto', 'election', 'I', 'got', 'scream', 'get', 'Oval', 'Office']",19
2019-06-19,Everything LIE A look dynamic me. Hell yeah!,8,"['Everything', 'LIE', 'A', 'look', 'dynamic', 'me.', 'Hell', 'yeah!']",8
2019-06-20,"I decided try intermittent fasting bc I... guess I hate myself. Anyway, suck I want spaghetti. And cute hi",19,"['I', 'decided', 'try', 'intermittent', 'fasting', 'bc', 'I...', 'guess', 'I', 'hate', 'myself.', 'Anyway,', 'suck', 'I', 'want', 'spaghetti.', 'And', 'cute', 'hi']",19
2019-06-23,"Do baby, I know lawwww Oh I love ğŸ’œğŸ’œ Ahaha shocking, I know. I never look happy ğŸ˜ğŸ˜ YOU ARE ğŸ’•ğŸ’•ğŸ’• You look amazing!",24,"['Do', 'baby,', 'I', 'know', 'lawwww', 'Oh', 'I', 'love', 'ğŸ’œğŸ’œ', 'Ahaha', 'shocking,', 'I', 'know.', 'I', 'never', 'look', 'happy', 'ğŸ˜ğŸ˜', 'YOU', 'ARE', 'ğŸ’•ğŸ’•ğŸ’•', 'You', 'look', 'amazing!']",24
2019-06-24,Such underrated book! Itâ€™s definitely one faves. Sheâ€™s perfect!!!! Thank gorgeous!,11,"['Such', 'underrated', 'book!', 'Itâ€™s', 'definitely', 'one', 'faves.', 'Sheâ€™s', 'perfect!!!!', 'Thank', 'gorgeous!']",11
2019-06-26,And ADORABLE LEGIT Yesss bc feel like itâ€™s â€œI told soâ€ situation. And explaining u like weâ€™re stupid nothing.,19,"['And', 'ADORABLE', 'LEGIT', 'Yesss', 'bc', 'feel', 'like', 'itâ€™s', 'â€œI', 'told', 'soâ€', 'situation.', 'And', 'explaining', 'u', 'like', 'weâ€™re', 'stupid', 'nothing.']",19
2019-06-27,ğŸ’›,1,['ğŸ’›'],1
2019-06-28,I randomly want get switch. Itâ€™s gorgeous is. Look sculpt. The colors. The mood. People stupid exist. Mm yes do. Days I wish I could danceeeee,26,"['I', 'randomly', 'want', 'get', 'switch.', 'Itâ€™s', 'gorgeous', 'is.', 'Look', 'sculpt.', 'The', 'colors.', 'The', 'mood.', 'People', 'stupid', 'exist.', 'Mm', 'yes', 'do.', 'Days', 'I', 'wish', 'I', 'could', 'danceeeee']",26
2019-06-29,"Iâ€™m making two collage thank notes, prints, sticker friend hang original painting I have. GET ON OUR LEVEL. Eleanor Chuck Palahniuk good one.",23,"['Iâ€™m', 'making', 'two', 'collage', 'thank', 'notes,', 'prints,', 'sticker', 'friend', 'hang', 'original', 'painting', 'I', 'have.', 'GET', 'ON', 'OUR', 'LEVEL.', 'Eleanor', 'Chuck', 'Palahniuk', 'good', 'one.']",23
2019-06-30,Youâ€™re right say it. Teenagers hormonal move pack like vicious coyotes! The Good Place! THAT bullshit Amen. So envious!!!!,19,"['Youâ€™re', 'right', 'say', 'it.', 'Teenagers', 'hormonal', 'move', 'pack', 'like', 'vicious', 'coyotes!', 'The', 'Good', 'Place!', 'THAT', 'bullshit', 'Amen.', 'So', 'envious!!!!']",19
2019-07-01,ğŸ‘€ğŸ‘€ Holy damn!!! The cutest! â¤ï¸â¤ï¸â¤ï¸ Um I mean WOW???? ğŸ˜ğŸ˜ğŸ˜,11,"['ğŸ‘€ğŸ‘€', 'Holy', 'damn!!!', 'The', 'cutest!', 'â¤ï¸â¤ï¸â¤ï¸', 'Um', 'I', 'mean', 'WOW????', 'ğŸ˜ğŸ˜ğŸ˜']",11
2019-07-02,Honestly black.,2,"['Honestly', 'black.']",2
2019-07-03,You guy cute. ğŸ’›ğŸ’›ğŸ’›,4,"['You', 'guy', 'cute.', 'ğŸ’›ğŸ’›ğŸ’›']",4
2019-07-04,"Exactly, time energy worth much that! Seriously fuck em. Nobody need shit. The amount time I explain HP Lovecraft Cthuhlu mythos bc calendar ridiculous. Do people read????? I read book I little I scared sleep week. I read first reaction â€œwell look amazing John Wick 3...â€",46,"['Exactly,', 'time', 'energy', 'worth', 'much', 'that!', 'Seriously', 'fuck', 'em.', 'Nobody', 'need', 'shit.', 'The', 'amount', 'time', 'I', 'explain', 'HP', 'Lovecraft', 'Cthuhlu', 'mythos', 'bc', 'calendar', 'ridiculous.', 'Do', 'people', 'read?????', 'I', 'read', 'book', 'I', 'little', 'I', 'scared', 'sleep', 'week.', 'I', 'read', 'first', 'reaction', 'â€œwell', 'look', 'amazing', 'John', 'Wick', '3...â€']",46
2019-07-05,I love friendship much. Steve grown wonderful person.,8,"['I', 'love', 'friendship', 'much.', 'Steve', 'grown', 'wonderful', 'person.']",8
2019-07-07,It weak ploy get u sympathize tbh. Seriously?! Wtf wrong people?!!! Every time set one dog go nut THREE DAYS Ugh right. I hate overstaying parties. Like letâ€™s scoot Iâ€™m full tired. Booooo. Someday. ğŸ’œğŸ’œI hope cookout good food! Anywhere near Pittsburgh?? Haha I saw that!! I like come visit meeeee. Are gonna tomorrow too?? A beautiful combination! Come visit meeeee Like push that???? Bria BRA OFF already!!! This guy I talking tried get meet bar I told I already jammies Iâ€™m thinking ghosting.,84,"['It', 'weak', 'ploy', 'get', 'u', 'sympathize', 'tbh.', 'Seriously?!', 'Wtf', 'wrong', 'people?!!!', 'Every', 'time', 'set', 'one', 'dog', 'go', 'nut', 'THREE', 'DAYS', 'Ugh', 'right.', 'I', 'hate', 'overstaying', 'parties.', 'Like', 'letâ€™s', 'scoot', 'Iâ€™m', 'full', 'tired.', 'Booooo.', 'Someday.', 'ğŸ’œğŸ’œI', 'hope', 'cookout', 'good', 'food!', 'Anywhere', 'near', 'Pittsburgh??', 'Haha', 'I', 'saw', 'that!!', 'I', 'like', 'come', 'visit', 'meeeee.', 'Are', 'gonna', 'tomorrow', 'too??', 'A', 'beautiful', 'combination!', 'Come', 'visit', 'meeeee', 'Like', 'push', 'that????', 'Bria', 'BRA', 'OFF', 'already!!!', 'This', 'guy', 'I', 'talking', 'tried', 'get', 'meet', 'bar', 'I', 'told', 'I', 'already', 'jammies', 'Iâ€™m', 'thinking', 'ghosting.']",84
2019-07-08,They snuffliest babies! ğŸ˜ŠğŸ˜Š Absolutely NAILS IT. I hope sheâ€™s next season LOT YESSSS I lost mind I found out. If true I could sing!!!! This one favorite body horror novels. So gross weird delightful.,35,"['They', 'snuffliest', 'babies!', 'ğŸ˜ŠğŸ˜Š', 'Absolutely', 'NAILS', 'IT.', 'I', 'hope', 'sheâ€™s', 'next', 'season', 'LOT', 'YESSSS', 'I', 'lost', 'mind', 'I', 'found', 'out.', 'If', 'true', 'I', 'could', 'sing!!!!', 'This', 'one', 'favorite', 'body', 'horror', 'novels.', 'So', 'gross', 'weird', 'delightful.']",35
2019-07-09,"TRUE. Sorry AHS without Scream Queen herself???? I eating cheez-its bed, apartment, damn chihuahua Iâ€™m feeling really good it. I get The Black Farm itsâ€™ sequel. So thereâ€™s that. Iâ€™m honestly glad bc intention all. I just... I think would cool book. Can anyone recommend book/short story contains cult pig eating humans? Because... I would like read that.",58,"['TRUE.', 'Sorry', 'AHS', 'without', 'Scream', 'Queen', 'herself????', 'I', 'eating', 'cheez-its', 'bed,', 'apartment,', 'damn', 'chihuahua', 'Iâ€™m', 'feeling', 'really', 'good', 'it.', 'I', 'get', 'The', 'Black', 'Farm', 'itsâ€™', 'sequel.', 'So', 'thereâ€™s', 'that.', 'Iâ€™m', 'honestly', 'glad', 'bc', 'intention', 'all.', 'I', 'just...', 'I', 'think', 'would', 'cool', 'book.', 'Can', 'anyone', 'recommend', 'book/short', 'story', 'contains', 'cult', 'pig', 'eating', 'humans?', 'Because...', 'I', 'would', 'like', 'read', 'that.']",58
2019-07-10,A fashion icon!,3,"['A', 'fashion', 'icon!']",3
2019-07-11,"There cannot more. There can. Not. Iâ€™m sorry. Please let know need anything difficult time. Literally moved side world. Yes! I see already lot design offers, I also design would love branding package business card you! Welp cancel date bc mental health deteriorated truly impressive rate today. Fuck snot-nosed nazi. I hate that. Itâ€™s like I wanted delicious, desert. Thanks tip! Picked kindle, canâ€™t wait read them!",67,"['There', 'cannot', 'more.', 'There', 'can.', 'Not.', 'Iâ€™m', 'sorry.', 'Please', 'let', 'know', 'need', 'anything', 'difficult', 'time.', 'Literally', 'moved', 'side', 'world.', 'Yes!', 'I', 'see', 'already', 'lot', 'design', 'offers,', 'I', 'also', 'design', 'would', 'love', 'branding', 'package', 'business', 'card', 'you!', 'Welp', 'cancel', 'date', 'bc', 'mental', 'health', 'deteriorated', 'truly', 'impressive', 'rate', 'today.', 'Fuck', 'snot-nosed', 'nazi.', 'I', 'hate', 'that.', 'Itâ€™s', 'like', 'I', 'wanted', 'delicious,', 'desert.', 'Thanks', 'tip!', 'Picked', 'kindle,', 'canâ€™t', 'wait', 'read', 'them!']",67
2019-07-12,lol get married hop mine then? Another year Bria always fortunate! Drop wishlist soon girl! Right would need work lot. A WHOLE ASS LOT. Me too. I really hate Billy. BIRTHDAY?!?!? I sort breakdown today Iâ€™m healing buying book,39,"['lol', 'get', 'married', 'hop', 'mine', 'then?', 'Another', 'year', 'Bria', 'always', 'fortunate!', 'Drop', 'wishlist', 'soon', 'girl!', 'Right', 'would', 'need', 'work', 'lot.', 'A', 'WHOLE', 'ASS', 'LOT.', 'Me', 'too.', 'I', 'really', 'hate', 'Billy.', 'BIRTHDAY?!?!?', 'I', 'sort', 'breakdown', 'today', 'Iâ€™m', 'healing', 'buying', 'book']",39
2019-07-13,My hand shake bad today I almost DROPPED dang ole dipping sauce. It wouldâ€™ve RUINED THE MEAL.,17,"['My', 'hand', 'shake', 'bad', 'today', 'I', 'almost', 'DROPPED', 'dang', 'ole', 'dipping', 'sauce.', 'It', 'wouldâ€™ve', 'RUINED', 'THE', 'MEAL.']",17
2019-07-14,Thatâ€™s committmemt I commend it. That make sense. I feel sorry tbh. Chinese good. ..... hOW? UM?!?!?!! I didnâ€™t expect perfection gay I HERE. FOR. IT.,26,"['Thatâ€™s', 'committmemt', 'I', 'commend', 'it.', 'That', 'make', 'sense.', 'I', 'feel', 'sorry', 'tbh.', 'Chinese', 'good.', '.....', 'hOW?', 'UM?!?!?!!', 'I', 'didnâ€™t', 'expect', 'perfection', 'gay', 'I', 'HERE.', 'FOR.', 'IT.']",26
2019-07-15,YOU HAVE BEEN BLESSED,4,"['YOU', 'HAVE', 'BEEN', 'BLESSED']",4
2019-07-16,Thank youuu ğŸ˜ŠğŸ˜ŠğŸ˜Š ğŸ˜ŠğŸ˜ŠğŸ˜ŠğŸ˜Š,4,"['Thank', 'youuu', 'ğŸ˜ŠğŸ˜ŠğŸ˜Š', 'ğŸ˜ŠğŸ˜ŠğŸ˜ŠğŸ˜Š']",4
2019-07-17,So I injured tit heal I hanging shirt like Amazon warrior.,11,"['So', 'I', 'injured', 'tit', 'heal', 'I', 'hanging', 'shirt', 'like', 'Amazon', 'warrior.']",11
2019-07-19,"Thank friend ğŸ’›ğŸ’› I wanted relax, no, bc Iâ€™m fucking idiot I went wrong theater wonâ€™t make movie ticket refundable.",20,"['Thank', 'friend', 'ğŸ’›ğŸ’›', 'I', 'wanted', 'relax,', 'no,', 'bc', 'Iâ€™m', 'fucking', 'idiot', 'I', 'went', 'wrong', 'theater', 'wonâ€™t', 'make', 'movie', 'ticket', 'refundable.']",20
2019-07-20,Seems like youâ€™re mixed day. I love it. Dressed heel jewelry look right! Youâ€™re kinda hero.,16,"['Seems', 'like', 'youâ€™re', 'mixed', 'day.', 'I', 'love', 'it.', 'Dressed', 'heel', 'jewelry', 'look', 'right!', 'Youâ€™re', 'kinda', 'hero.']",16
2019-07-21,"Therapist: And feel loss control?Me, buried mound books: ...Therapist: ooh boy. One first crush Yas bitch gotta!!! Itâ€™s thirty fucking dollars, live best life! Omg look great!!!!!! ğŸ˜¬ yeah thatâ€™s great feeling.",32,"['Therapist:', 'And', 'feel', 'loss', 'control?Me,', 'buried', 'mound', 'books:', '...Therapist:', 'ooh', 'boy.', 'One', 'first', 'crush', 'Yas', 'bitch', 'gotta!!!', 'Itâ€™s', 'thirty', 'fucking', 'dollars,', 'live', 'best', 'life!', 'Omg', 'look', 'great!!!!!!', 'ğŸ˜¬', 'yeah', 'thatâ€™s', 'great', 'feeling.']",32
2019-07-23,My god. She transcended. Cza. I bet Iâ€™m fancy. Fucking THANK YOU Iâ€™m this.,14,"['My', 'god.', 'She', 'transcended.', 'Cza.', 'I', 'bet', 'Iâ€™m', 'fancy.', 'Fucking', 'THANK', 'YOU', 'Iâ€™m', 'this.']",14
2019-07-24,I.... know make sense The BOW ğŸ¤©ğŸ¤©,7,"['I....', 'know', 'make', 'sense', 'The', 'BOW', 'ğŸ¤©ğŸ¤©']",7
2019-07-26,I like â€œha oh yeah rightâ€ retweeted ARE PEOPLE REALLY THIS GROSS???? In case anyone interested: Eph: @SiwelP Fet: @TheAtticus Nora: @Addison_Peacock Sardu: @CummingsDG Iâ€™m reading The Strain series picturing character voice voice actor @NosleepPodcast He dope baker. I hope beech! I bitch werenâ€™t grateful enough. So I said fuck em.,51,"['I', 'like', 'â€œha', 'oh', 'yeah', 'rightâ€', 'retweeted', 'ARE', 'PEOPLE', 'REALLY', 'THIS', 'GROSS????', 'In', 'case', 'anyone', 'interested:', 'Eph:', '@SiwelP', 'Fet:', '@TheAtticus', 'Nora:', '@Addison_Peacock', 'Sardu:', '@CummingsDG', 'Iâ€™m', 'reading', 'The', 'Strain', 'series', 'picturing', 'character', 'voice', 'voice', 'actor', '@NosleepPodcast', 'He', 'dope', 'baker.', 'I', 'hope', 'beech!', 'I', 'bitch', 'werenâ€™t', 'grateful', 'enough.', 'So', 'I', 'said', 'fuck', 'em.']",51
2019-07-27,Being nigh translucent I tell you: like painful molting. Itâ€™s iconic,11,"['Being', 'nigh', 'translucent', 'I', 'tell', 'you:', 'like', 'painful', 'molting.', 'Itâ€™s', 'iconic']",11
2019-07-29,Season Four: The Return Barb.,5,"['Season', 'Four:', 'The', 'Return', 'Barb.']",5
2019-07-31,,1,[''],1
2019-08-01,This make lot sense Wanna dm link? ğŸ‘€ğŸ‘€,8,"['This', 'make', 'lot', 'sense', 'Wanna', 'dm', 'link?', 'ğŸ‘€ğŸ‘€']",8
2019-08-02,A coworker quit today I got back office shriek-laughed insane jealousy.,11,"['A', 'coworker', 'quit', 'today', 'I', 'got', 'back', 'office', 'shriek-laughed', 'insane', 'jealousy.']",11
2019-08-03,*hot dad,2,"['*hot', 'dad']",2
2019-08-04,"This beautiful! Does Instagram anything? If I order food third time row, insanity? Or quest really fucking good? I picked entire apartment AND fully cleaned bathroom. Not bad girl seratonin. ğŸ¤£ğŸ¤£ THE HAIR ğŸ˜ğŸ˜",34,"['This', 'beautiful!', 'Does', 'Instagram', 'anything?', 'If', 'I', 'order', 'food', 'third', 'time', 'row,', 'insanity?', 'Or', 'quest', 'really', 'fucking', 'good?', 'I', 'picked', 'entire', 'apartment', 'AND', 'fully', 'cleaned', 'bathroom.', 'Not', 'bad', 'girl', 'seratonin.', 'ğŸ¤£ğŸ¤£', 'THE', 'HAIR', 'ğŸ˜ğŸ˜']",34
2019-08-05,"It fits, believe ;) Thank you!",6,"['It', 'fits,', 'believe', ';)', 'Thank', 'you!']",6
2019-08-06,*multitasking AND FOR WHAT. Iâ€™m angry. I wanna punch Ross face. Seriously bullshit. Itâ€™s creative amazing show. Like season incredible!!!! Are trying cancel The OA?!?!?!!?!?? NO. My sister I saying this!!! Butter emoji riot!,34,"['*multitasking', 'AND', 'FOR', 'WHAT.', 'Iâ€™m', 'angry.', 'I', 'wanna', 'punch', 'Ross', 'face.', 'Seriously', 'bullshit.', 'Itâ€™s', 'creative', 'amazing', 'show.', 'Like', 'season', 'incredible!!!!', 'Are', 'trying', 'cancel', 'The', 'OA?!?!?!!?!??', 'NO.', 'My', 'sister', 'I', 'saying', 'this!!!', 'Butter', 'emoji', 'riot!']",34
2019-08-07,Itâ€™s 2019 mood year The prophecy fulfilled! Iâ€™m hype,9,"['Itâ€™s', '2019', 'mood', 'year', 'The', 'prophecy', 'fulfilled!', 'Iâ€™m', 'hype']",9
2019-08-08,I double horrified Bumble here!,5,"['I', 'double', 'horrified', 'Bumble', 'here!']",5
2019-08-09,They wanna now???,3,"['They', 'wanna', 'now???']",3
2019-08-11,ğŸ˜ğŸ˜ğŸ˜ğŸ˜ğŸ˜ğŸ˜ğŸ˜ğŸ˜ This best compliment Iâ€™ve ever gotten ngl You know well. Secrets out. I huge cock separate account it. Omg out?!?!?!??,21,"['ğŸ˜ğŸ˜ğŸ˜ğŸ˜ğŸ˜ğŸ˜ğŸ˜ğŸ˜', 'This', 'best', 'compliment', 'Iâ€™ve', 'ever', 'gotten', 'ngl', 'You', 'know', 'well.', 'Secrets', 'out.', 'I', 'huge', 'cock', 'separate', 'account', 'it.', 'Omg', 'out?!?!?!??']",21
2019-08-12,"Honestly I disappointed The Exorcist novel. But yeah Iâ€™m comparison itâ€™s worse. This empathetic emotional, uncertain. I loved it.",19,"['Honestly', 'I', 'disappointed', 'The', 'Exorcist', 'novel.', 'But', 'yeah', 'Iâ€™m', 'comparison', 'itâ€™s', 'worse.', 'This', 'empathetic', 'emotional,', 'uncertain.', 'I', 'loved', 'it.']",19
2019-08-13,This would cool,3,"['This', 'would', 'cool']",3
2019-08-14,Whoa itâ€™s Why school officer AR-15. Why. Thank making entire morning lol Omg I would see this!!!!!!!!! Iâ€™m predictable lol And well! â¤ï¸â¤ï¸ğŸ˜Š This adorable gave seratonin. Omg I would think kidnapped AND tortured! Heâ€™s pretty Thatâ€™s right say it. Like good thing yes. I eat sauce come LIKE GOD INTENDED.,51,"['Whoa', 'itâ€™s', 'Why', 'school', 'officer', 'AR-15.', 'Why.', 'Thank', 'making', 'entire', 'morning', 'lol', 'Omg', 'I', 'would', 'see', 'this!!!!!!!!!', 'Iâ€™m', 'predictable', 'lol', 'And', 'well!', 'â¤ï¸â¤ï¸ğŸ˜Š', 'This', 'adorable', 'gave', 'seratonin.', 'Omg', 'I', 'would', 'think', 'kidnapped', 'AND', 'tortured!', 'Heâ€™s', 'pretty', 'Thatâ€™s', 'right', 'say', 'it.', 'Like', 'good', 'thing', 'yes.', 'I', 'eat', 'sauce', 'come', 'LIKE', 'GOD', 'INTENDED.']",51
2019-08-15,..... feeling called lol,4,"['.....', 'feeling', 'called', 'lol']",4
2019-08-17,@odafins u Crossover Stranger Things kid Typewriter kid solve paranormal mystery. @netflix letâ€™s get bread.,15,"['@odafins', 'u', 'Crossover', 'Stranger', 'Things', 'kid', 'Typewriter', 'kid', 'solve', 'paranormal', 'mystery.', '@netflix', 'letâ€™s', 'get', 'bread.']",15
2019-08-18,Wait like. What wrong meat. ğŸ”¥ğŸ”¥ğŸ”¥,6,"['Wait', 'like.', 'What', 'wrong', 'meat.', 'ğŸ”¥ğŸ”¥ğŸ”¥']",6
2019-08-19,I want badly move Arizona.,5,"['I', 'want', 'badly', 'move', 'Arizona.']",5
2019-08-20,A Head Full Ghosts!,4,"['A', 'Head', 'Full', 'Ghosts!']",4
2019-08-23,Gad DAMN Iâ€™m almost again!!! Those braid ğŸ˜ğŸ˜ğŸ˜ Dude I know. I aged like grape ğŸ˜‚ğŸ˜‚ğŸ˜‚ BABYFACE,17,"['Gad', 'DAMN', 'Iâ€™m', 'almost', 'again!!!', 'Those', 'braid', 'ğŸ˜ğŸ˜ğŸ˜', 'Dude', 'I', 'know.', 'I', 'aged', 'like', 'grape', 'ğŸ˜‚ğŸ˜‚ğŸ˜‚', 'BABYFACE']",17
2019-08-24,"No, youâ€™re growing person lol I imagine tbh. I hate You deserve moon stars!ğŸ˜ŒğŸŒ˜ğŸŒŸ This damn cute. Donâ€™t let hear you!",21,"['No,', 'youâ€™re', 'growing', 'person', 'lol', 'I', 'imagine', 'tbh.', 'I', 'hate', 'You', 'deserve', 'moon', 'stars!ğŸ˜ŒğŸŒ˜ğŸŒŸ', 'This', 'damn', 'cute.', 'Donâ€™t', 'let', 'hear', 'you!']",21
2019-08-27,Ugh boy bye SOOOO CUUUUUTE!!!!!! ğŸ’–ğŸ’–ğŸ’–ğŸ’–ğŸ’—ğŸ’—ğŸ’—ğŸ’—ğŸ™ŒğŸ» Omg I canâ€™t wait see He miss too! Heâ€™s super mad bc Iâ€™ve working late. ğŸ˜©,22,"['Ugh', 'boy', 'bye', 'SOOOO', 'CUUUUUTE!!!!!!', 'ğŸ’–ğŸ’–ğŸ’–ğŸ’–ğŸ’—ğŸ’—ğŸ’—ğŸ’—ğŸ™ŒğŸ»', 'Omg', 'I', 'canâ€™t', 'wait', 'see', 'He', 'miss', 'too!', 'Heâ€™s', 'super', 'mad', 'bc', 'Iâ€™ve', 'working', 'late.', 'ğŸ˜©']",22
2019-08-28,I want work haunted bookstore.,5,"['I', 'want', 'work', 'haunted', 'bookstore.']",5
2019-08-29,"Oh yes @odafins seen Lisa Frank Casetify phone cases?!!!!! The slow degradation mind severe depression, anxiety, medication, etc.",18,"['Oh', 'yes', '@odafins', 'seen', 'Lisa', 'Frank', 'Casetify', 'phone', 'cases?!!!!!', 'The', 'slow', 'degradation', 'mind', 'severe', 'depression,', 'anxiety,', 'medication,', 'etc.']",18
2019-08-31,"ğŸ˜ğŸ˜ğŸ˜ğŸ˜ What cutie!!!!!!! The first! The yellow really pops. Yes worth it. It does!! I make playlist much, I thought I could give shot. Iâ€™m tired limited library. Cupcake Rhea!!!!! Does anyone else use Apple Music feel worth it??",39,"['ğŸ˜ğŸ˜ğŸ˜ğŸ˜', 'What', 'cutie!!!!!!!', 'The', 'first!', 'The', 'yellow', 'really', 'pops.', 'Yes', 'worth', 'it.', 'It', 'does!!', 'I', 'make', 'playlist', 'much,', 'I', 'thought', 'I', 'could', 'give', 'shot.', 'Iâ€™m', 'tired', 'limited', 'library.', 'Cupcake', 'Rhea!!!!!', 'Does', 'anyone', 'else', 'use', 'Apple', 'Music', 'feel', 'worth', 'it??']",39
2019-09-02,Haha reallllll,2,"['Haha', 'reallllll']",2
2019-09-03,6.... lol WOWWW. Just wow. Wow.,6,"['6....', 'lol', 'WOWWW.', 'Just', 'wow.', 'Wow.']",6
2019-09-07,Me unless thereâ€™s good mac n cheese Hell yes girlğŸŒŸğŸŒŸğŸŒŸ,10,"['Me', 'unless', 'thereâ€™s', 'good', 'mac', 'n', 'cheese', 'Hell', 'yes', 'girlğŸŒŸğŸŒŸğŸŒŸ']",10
2019-09-08,"Is flapjack reference? Honestly itâ€™s creepy terrifying. Like itâ€™s thinker, VERY good. Ya know PGH cool events.......",17,"['Is', 'flapjack', 'reference?', 'Honestly', 'itâ€™s', 'creepy', 'terrifying.', 'Like', 'itâ€™s', 'thinker,', 'VERY', 'good.', 'Ya', 'know', 'PGH', 'cool', 'events.......']",17
2019-09-11,Twas simpler time.,3,"['Twas', 'simpler', 'time.']",3
2019-09-12,Omg mumâ€™s Poirot gal too!! Iâ€™ve seen many.,8,"['Omg', 'mumâ€™s', 'Poirot', 'gal', 'too!!', 'Iâ€™ve', 'seen', 'many.']",8
2019-09-15,I love series. It distorts@your reality man I legit upset moment like ahhhhhhHHHHHHHHH HOW DO?!,15,"['I', 'love', 'series.', 'It', 'distorts@your', 'reality', 'man', 'I', 'legit', 'upset', 'moment', 'like', 'ahhhhhhHHHHHHHHH', 'HOW', 'DO?!']",15
2019-09-16,This always look,3,"['This', 'always', 'look']",3
2019-09-18,Itâ€™s comfy!! I got BoxLunch.,5,"['Itâ€™s', 'comfy!!', 'I', 'got', 'BoxLunch.']",5
2019-09-19,The Jehovahâ€™s Witnesses founded Pittsburgh. My city..... failed me.,9,"['The', 'Jehovahâ€™s', 'Witnesses', 'founded', 'Pittsburgh.', 'My', 'city.....', 'failed', 'me.']",9
2019-09-20,Ughhhhhhhhhhh worst I use this!!! I love much.,8,"['Ughhhhhhhhhhh', 'worst', 'I', 'use', 'this!!!', 'I', 'love', 'much.']",8
2019-09-21,Brainless,1,['Brainless'],1
2019-09-23,"A Simple Favor, I like call â€œBlake Lively Please Step Meâ€",11,"['A', 'Simple', 'Favor,', 'I', 'like', 'call', 'â€œBlake', 'Lively', 'Please', 'Step', 'Meâ€']",11
2019-09-25,Debbie said gay fucking rights!!!!,5,"['Debbie', 'said', 'gay', 'fucking', 'rights!!!!']",5
2019-09-28,Word. Youâ€™re goddess Maâ€™am....,4,"['Word.', 'Youâ€™re', 'goddess', 'Maâ€™am....']",4
2019-09-29,He sweetest lil bean!!!! Thanks I hate it! Haha I swear god quote Hulu movie â€œPure.â€ ğŸ¤¢ğŸ¤® What movie this?,20,"['He', 'sweetest', 'lil', 'bean!!!!', 'Thanks', 'I', 'hate', 'it!', 'Haha', 'I', 'swear', 'god', 'quote', 'Hulu', 'movie', 'â€œPure.â€', 'ğŸ¤¢ğŸ¤®', 'What', 'movie', 'this?']",20
2019-09-30,"Thank god, I thought something wrong I definitely didnâ€™t see end coming. It really locked theme.",16,"['Thank', 'god,', 'I', 'thought', 'something', 'wrong', 'I', 'definitely', 'didnâ€™t', 'see', 'end', 'coming.', 'It', 'really', 'locked', 'theme.']",16
2019-10-01,"To fair, Iâ€™ve terrified singing public bc I hate voice itâ€™s bad. Wow well.... puppy cuddles?? I always get soy milk mine taste better. But itâ€™s still mediocre. Ah. Theyâ€™re kind people. Is way frame like youâ€™re taking charge responsibility? Like youâ€™re favor? What I would suggest alternative. People like solutions. Like Zu something, I put somewhere quiet (a room, move around) let calm. It help lot. Wasnâ€™t hobby lobby also anti-lgbt+?? I never would guessed itâ€™s native language! Youâ€™re amazing!",81,"['To', 'fair,', 'Iâ€™ve', 'terrified', 'singing', 'public', 'bc', 'I', 'hate', 'voice', 'itâ€™s', 'bad.', 'Wow', 'well....', 'puppy', 'cuddles??', 'I', 'always', 'get', 'soy', 'milk', 'mine', 'taste', 'better.', 'But', 'itâ€™s', 'still', 'mediocre.', 'Ah.', 'Theyâ€™re', 'kind', 'people.', 'Is', 'way', 'frame', 'like', 'youâ€™re', 'taking', 'charge', 'responsibility?', 'Like', 'youâ€™re', 'favor?', 'What', 'I', 'would', 'suggest', 'alternative.', 'People', 'like', 'solutions.', 'Like', 'Zu', 'something,', 'I', 'put', 'somewhere', 'quiet', '(a', 'room,', 'move', 'around)', 'let', 'calm.', 'It', 'help', 'lot.', 'Wasnâ€™t', 'hobby', 'lobby', 'also', 'anti-lgbt+??', 'I', 'never', 'would', 'guessed', 'itâ€™s', 'native', 'language!', 'Youâ€™re', 'amazing!']",81
2019-10-02,"Alan Cummings The murder I would commit, lemme tell you.",10,"['Alan', 'Cummings', 'The', 'murder', 'I', 'would', 'commit,', 'lemme', 'tell', 'you.']",10
2019-10-04,Me: itâ€™s casual Friday! Iâ€™m going wear comfy light gray sweater! Work: weâ€™re tye-dying shirt todayMe: ğŸ˜«ğŸ˜«ğŸ˜«,17,"['Me:', 'itâ€™s', 'casual', 'Friday!', 'Iâ€™m', 'going', 'wear', 'comfy', 'light', 'gray', 'sweater!', 'Work:', 'weâ€™re', 'tye-dying', 'shirt', 'todayMe:', 'ğŸ˜«ğŸ˜«ğŸ˜«']",17
2019-10-06,Just move mouth lollll So pretty!!!!! Oh gosh I love too! Thank beautiful message. Iâ€™m glad became friend â¤ï¸â¤ï¸â¤ï¸â¤ï¸â¤ï¸,19,"['Just', 'move', 'mouth', 'lollll', 'So', 'pretty!!!!!', 'Oh', 'gosh', 'I', 'love', 'too!', 'Thank', 'beautiful', 'message.', 'Iâ€™m', 'glad', 'became', 'friend', 'â¤ï¸â¤ï¸â¤ï¸â¤ï¸â¤ï¸']",19
2019-10-08,"Hmu need ink ğŸ˜‰ğŸ’—ğŸ’— Peeps, I open business, tell want I make happen. And I would honored art physical beings!!!! You rebel ğŸ˜ Be careful, cuz Iâ€™m gonna marry keep saying lovely things!!!!!! That legitimately best compliment Iâ€™ve ever gotten!!! Thank much ğŸ’–ğŸ’–ğŸ’– I feel like I physically cannot eat itâ€™s unlike me? I think itâ€™s medication damn.",58,"['Hmu', 'need', 'ink', 'ğŸ˜‰ğŸ’—ğŸ’—', 'Peeps,', 'I', 'open', 'business,', 'tell', 'want', 'I', 'make', 'happen.', 'And', 'I', 'would', 'honored', 'art', 'physical', 'beings!!!!', 'You', 'rebel', 'ğŸ˜', 'Be', 'careful,', 'cuz', 'Iâ€™m', 'gonna', 'marry', 'keep', 'saying', 'lovely', 'things!!!!!!', 'That', 'legitimately', 'best', 'compliment', 'Iâ€™ve', 'ever', 'gotten!!!', 'Thank', 'much', 'ğŸ’–ğŸ’–ğŸ’–', 'I', 'feel', 'like', 'I', 'physically', 'cannot', 'eat', 'itâ€™s', 'unlike', 'me?', 'I', 'think', 'itâ€™s', 'medication', 'damn.']",58
2019-10-09,Wow absolute fuckass But.... Yessssss congrats milestone!!!,7,"['Wow', 'absolute', 'fuckass', 'But....', 'Yessssss', 'congrats', 'milestone!!!']",7
2019-10-11,This is... disappointing.,3,"['This', 'is...', 'disappointing.']",3
2019-10-12,I do! Mine help lot relaxing sleep. Iâ€™ve hunkered survived many anxiety attack thing.,14,"['I', 'do!', 'Mine', 'help', 'lot', 'relaxing', 'sleep.', 'Iâ€™ve', 'hunkered', 'survived', 'many', 'anxiety', 'attack', 'thing.']",14
2019-10-14,Ok I donâ€™t know I would die Tabasco Josie.,9,"['Ok', 'I', 'donâ€™t', 'know', 'I', 'would', 'die', 'Tabasco', 'Josie.']",9
2019-10-16,OMG I WAS ALSO THINKING OF MINDHUNTER This sound like discovery serial killer something????,14,"['OMG', 'I', 'WAS', 'ALSO', 'THINKING', 'OF', 'MINDHUNTER', 'This', 'sound', 'like', 'discovery', 'serial', 'killer', 'something????']",14
2019-10-18,LOL Right.,2,"['LOL', 'Right.']",2
2019-10-19,"Bitch come Mexico meeeee. Iâ€™ll hide u purse. Truth!!!!! This first hot girl pic Iâ€™ve gotten year. Actually? Itâ€™s Madame. I strive effortlessly glamorous you, darling.",26,"['Bitch', 'come', 'Mexico', 'meeeee.', 'Iâ€™ll', 'hide', 'u', 'purse.', 'Truth!!!!!', 'This', 'first', 'hot', 'girl', 'pic', 'Iâ€™ve', 'gotten', 'year.', 'Actually?', 'Itâ€™s', 'Madame.', 'I', 'strive', 'effortlessly', 'glamorous', 'you,', 'darling.']",26
2019-10-21,"Yes, absolutely!!!!!!",2,"['Yes,', 'absolutely!!!!!!']",2
2019-10-22,"Hell yes girl, get creativity.",5,"['Hell', 'yes', 'girl,', 'get', 'creativity.']",5
2019-10-27,MAâ€™AM,1,['MAâ€™AM'],1
2019-10-28,Hahaha fucking confused.,3,"['Hahaha', 'fucking', 'confused.']",3
2019-10-31,"Bitch love you!!!! God dammit man, I havenâ€™t even coffee. Proud you! We love",14,"['Bitch', 'love', 'you!!!!', 'God', 'dammit', 'man,', 'I', 'havenâ€™t', 'even', 'coffee.', 'Proud', 'you!', 'We', 'love']",14
2019-11-01,Wow really said fuck kid whole chest. Is hunger games?,10,"['Wow', 'really', 'said', 'fuck', 'kid', 'whole', 'chest.', 'Is', 'hunger', 'games?']",10
2019-11-02,,1,[''],1
2019-11-05,Iâ€™m also accepting death animal uprising.,6,"['Iâ€™m', 'also', 'accepting', 'death', 'animal', 'uprising.']",6
2019-11-13,"Bears. All bears. We wouldnâ€™t need battle bc everyone would shit scared â€œthe bear lady.â€ Jokes them, bc would bomb as tea parties.",23,"['Bears.', 'All', 'bears.', 'We', 'wouldnâ€™t', 'need', 'battle', 'bc', 'everyone', 'would', 'shit', 'scared', 'â€œthe', 'bear', 'lady.â€', 'Jokes', 'them,', 'bc', 'would', 'bomb', 'as', 'tea', 'parties.']",23
2019-11-15,Right back you!!!!! *heavy breathing*,5,"['Right', 'back', 'you!!!!!', '*heavy', 'breathing*']",5
2019-11-23,Is Nicki Minaj lyric,4,"['Is', 'Nicki', 'Minaj', 'lyric']",4
2019-11-24,"That make heart happy. Let lovely bride know Iâ€™m open painting one ;) Awe yay!!!! Iâ€™m glad like it! Like I said, please feel free use want. Iâ€™d honored designed dress. :)) Sorry forgot tag u @lavendrsblu Hmmm let paint it. Also (youâ€™re probably joking) do! I must see pics!!!! ğŸ’–ğŸ’–ğŸ’–ğŸ’– Yes, find seamstress make YES.",56,"['That', 'make', 'heart', 'happy.', 'Let', 'lovely', 'bride', 'know', 'Iâ€™m', 'open', 'painting', 'one', ';)', 'Awe', 'yay!!!!', 'Iâ€™m', 'glad', 'like', 'it!', 'Like', 'I', 'said,', 'please', 'feel', 'free', 'use', 'want.', 'Iâ€™d', 'honored', 'designed', 'dress.', ':))', 'Sorry', 'forgot', 'tag', 'u', '@lavendrsblu', 'Hmmm', 'let', 'paint', 'it.', 'Also', '(youâ€™re', 'probably', 'joking)', 'do!', 'I', 'must', 'see', 'pics!!!!', 'ğŸ’–ğŸ’–ğŸ’–ğŸ’–', 'Yes,', 'find', 'seamstress', 'make', 'YES.']",56
2019-11-25,I got u boo. I got you. ğŸ’–ğŸ’–ğŸ’– You gotta chart out. How much pie Jason? How much chidi? Eleanor? Michael? I also bougie Tahani energy itâ€™s le anxiety trash bag-ness. Iâ€™m deffo Chidi Eleanor. I wish I woman. And I thought I couldnâ€™t love more. I feel Itâ€™s late! Come Pgh!,52,"['I', 'got', 'u', 'boo.', 'I', 'got', 'you.', 'ğŸ’–ğŸ’–ğŸ’–', 'You', 'gotta', 'chart', 'out.', 'How', 'much', 'pie', 'Jason?', 'How', 'much', 'chidi?', 'Eleanor?', 'Michael?', 'I', 'also', 'bougie', 'Tahani', 'energy', 'itâ€™s', 'le', 'anxiety', 'trash', 'bag-ness.', 'Iâ€™m', 'deffo', 'Chidi', 'Eleanor.', 'I', 'wish', 'I', 'woman.', 'And', 'I', 'thought', 'I', 'couldnâ€™t', 'love', 'more.', 'I', 'feel', 'Itâ€™s', 'late!', 'Come', 'Pgh!']",52
2019-11-30,"You thoughtful, kind person!",4,"['You', 'thoughtful,', 'kind', 'person!']",4
2019-12-01,Darn Stop cute,3,"['Darn', 'Stop', 'cute']",3
2019-12-06,"Heck yes! PSA: I nice internet, friends. I DO NOT MAKE THE RULES. I JUST SUPPLY THE LOVE AND SUPPORT. Glow upppppooo",22,"['Heck', 'yes!', 'PSA:', 'I', 'nice', 'internet,', 'friends.', 'I', 'DO', 'NOT', 'MAKE', 'THE', 'RULES.', 'I', 'JUST', 'SUPPLY', 'THE', 'LOVE', 'AND', 'SUPPORT.', 'Glow', 'upppppooo']",22
2019-12-16,"As you, madam!",3,"['As', 'you,', 'madam!']",3
2019-12-18,Iâ€™m sorry buddy :(( wanna taco bout Iâ€™m here.,9,"['Iâ€™m', 'sorry', 'buddy', ':((', 'wanna', 'taco', 'bout', 'Iâ€™m', 'here.']",9
2019-12-20,Ok Iâ€™m convinced. Me sexy villains: pfft. What jackass. I canâ€™t even. Wow........................ I want hatefuck me????? What???i?s??happ?en??ing???,18,"['Ok', 'Iâ€™m', 'convinced.', 'Me', 'sexy', 'villains:', 'pfft.', 'What', 'jackass.', 'I', 'canâ€™t', 'even.', 'Wow........................', 'I', 'want', 'hatefuck', 'me?????', 'What???i?s??happ?en??ing???']",18
2019-12-24,Proud you!!!!,2,"['Proud', 'you!!!!']",2
2019-12-25,I feel you. Yes! Would love good dtiys challenge!,9,"['I', 'feel', 'you.', 'Yes!', 'Would', 'love', 'good', 'dtiys', 'challenge!']",9
2019-12-26,I make face whole lot...,5,"['I', 'make', 'face', 'whole', 'lot...']",5
2019-12-27,Oooo yes! One faves. Love it! Wow ğŸ¤©ğŸ˜,8,"['Oooo', 'yes!', 'One', 'faves.', 'Love', 'it!', 'Wow', 'ğŸ¤©ğŸ˜']",8
2019-12-31,If help I got thing.,5,"['If', 'help', 'I', 'got', 'thing.']",5
2020-01-02,Yassssss excited you!,3,"['Yassssss', 'excited', 'you!']",3
2020-01-08,God damn I want I also canâ€™t wait read book.,10,"['God', 'damn', 'I', 'want', 'I', 'also', 'canâ€™t', 'wait', 'read', 'book.']",10
2020-01-09,Iâ€™m 110% tbh.,3,"['Iâ€™m', '110%', 'tbh.']",3
2020-01-14,@netflix Is movie bc I need see it.,8,"['@netflix', 'Is', 'movie', 'bc', 'I', 'need', 'see', 'it.']",8
2020-01-17,Youâ€™re damn right did. Slay bitch.,6,"['Youâ€™re', 'damn', 'right', 'did.', 'Slay', 'bitch.']",6
2020-01-23,I got â€œdamsel distressâ€ I call bullshit.,7,"['I', 'got', 'â€œdamsel', 'distressâ€', 'I', 'call', 'bullshit.']",7
2020-01-24,This movie ruled! I never Goonies fan.,7,"['This', 'movie', 'ruled!', 'I', 'never', 'Goonies', 'fan.']",7
2020-01-30,Are NOT?!?!,2,"['Are', 'NOT?!?!']",2
2020-01-31,ğŸ™ŒğŸ»â˜ºï¸,1,['ğŸ™ŒğŸ»â˜ºï¸'],1
2020-02-01,Space prince ğŸ‘‘ Gotta hype amazing best friend!!!! Other hair swimming like spot on.,14,"['Space', 'prince', 'ğŸ‘‘', 'Gotta', 'hype', 'amazing', 'best', 'friend!!!!', 'Other', 'hair', 'swimming', 'like', 'spot', 'on.']",14
2020-02-03,"Right make damn sense all. Babe thatâ€™s petty, thatâ€™s expecting basic human decency, deserve it. Like beating head emotionally constipated wall.",21,"['Right', 'make', 'damn', 'sense', 'all.', 'Babe', 'thatâ€™s', 'petty,', 'thatâ€™s', 'expecting', 'basic', 'human', 'decency,', 'deserve', 'it.', 'Like', 'beating', 'head', 'emotionally', 'constipated', 'wall.']",21
2020-02-07,You know nothing!!!!! This sick ğŸ¤¢ğŸ¤® The best possible Valentines plan,11,"['You', 'know', 'nothing!!!!!', 'This', 'sick', 'ğŸ¤¢ğŸ¤®', 'The', 'best', 'possible', 'Valentines', 'plan']",11
2020-02-10,I'm feeling (manic) motivated nearly 8pm.,6,"[""I'm"", 'feeling', '(manic)', 'motivated', 'nearly', '8pm.']",6
2020-02-12,No problem! Canâ€™t wait White Pines!,6,"['No', 'problem!', 'Canâ€™t', 'wait', 'White', 'Pines!']",6
2020-02-19,This seriously amazing!,3,"['This', 'seriously', 'amazing!']",3
2020-02-24,He understands you. Cool I puked gut new place. Firsts! Yas bitch!!! Weâ€™re gonna nail this! Cannot wait pic Omg Laura!!!! You said yes dress!!!!!,25,"['He', 'understands', 'you.', 'Cool', 'I', 'puked', 'gut', 'new', 'place.', 'Firsts!', 'Yas', 'bitch!!!', 'Weâ€™re', 'gonna', 'nail', 'this!', 'Cannot', 'wait', 'pic', 'Omg', 'Laura!!!!', 'You', 'said', 'yes', 'dress!!!!!']",25
2020-02-26,That literally one I would chosen.,6,"['That', 'literally', 'one', 'I', 'would', 'chosen.']",6
2020-02-27,Yes,1,['Yes'],1
2020-03-02,"And sequel, â€œoh I think I made much me, I back pedal immediately gracefullyâ€",14,"['And', 'sequel,', 'â€œoh', 'I', 'think', 'I', 'made', 'much', 'me,', 'I', 'back', 'pedal', 'immediately', 'gracefullyâ€']",14
2020-03-03,ğŸ˜‚ğŸ˜‚ Oh lol. Which one?!?!,5,"['ğŸ˜‚ğŸ˜‚', 'Oh', 'lol.', 'Which', 'one?!?!']",5
2020-03-05,Um-the cutest?!?!,2,"['Um-the', 'cutest?!?!']",2
2020-03-12,Top tier taste right there.,5,"['Top', 'tier', 'taste', 'right', 'there.']",5
2020-03-15,Ok RIGHT. I sneezed work coworkers threw fit.,8,"['Ok', 'RIGHT.', 'I', 'sneezed', 'work', 'coworkers', 'threw', 'fit.']",8
